[
  {
    "inputs": [
      {
        "internalType": "string",
        "name": "_name",
        "type": "string"
      },
      {
        "internalType": "string",
        "name": "_symbol",
        "type": "string"
      },
      {
        "internalType": "string",
        "name": "_tokenLogoCID",
        "type": "string"
      },
      {
        "internalType": "string",
        "name": "_descriptionMarkdownCID",
        "type": "string"
      },
      {
        "internalType": "contract TenXSettingsV2",
        "name": "_tenXSettings",
        "type": "address"
      },
      {
        "internalType": "uint256",
        "name": "_balanceMax",
        "type": "uint256"
      },
      {
        "internalType": "uint256",
        "name": "_transactionSizeMax",
        "type": "uint256"
      },
      {
        "internalType": "uint256",
        "name": "_supply",
        "type": "uint256"
      },
      {
        "internalType": "address",
        "name": "_taxReceiver",
        "type": "address"
      },
      {
        "internalType": "uint16",
        "name": "_buyTax",
        "type": "uint16"
      },
      {
        "internalType": "uint16",
        "name": "_buyBurn",
        "type": "uint16"
      },
      {
        "internalType": "uint16",
        "name": "_buyLpFee",
        "type": "uint16"
      },
      {
        "internalType": "uint16",
        "name": "_sellTax",
        "type": "uint16"
      },
      {
        "internalType": "uint16",
        "name": "_sellBurn",
        "type": "uint16"
      },
      {
        "internalType": "uint16",
        "name": "_sellLpFee",
        "type": "uint16"
      },
      {
        "internalType": "uint64",
        "name": "_launchTimestamp",
        "type": "uint64"
      }
    ],
    "stateMutability": "nonpayable",
    "type": "constructor"
  },
  {
    "inputs": [],
    "type": "error",
    "name": "AccessControlBadConfirmation"
  },
  {
    "inputs": [
      {
        "internalType": "address",
        "name": "account",
        "type": "address"
      },
      {
        "internalType": "bytes32",
        "name": "neededRole",
        "type": "bytes32"
      }
    ],
    "type": "error",
    "name": "AccessControlUnauthorizedAccount"
  },
  {
    "inputs": [
      {
        "internalType": "uint64",
        "name": "currentTimestamp",
        "type": "uint64"
      },
      {
        "internalType": "uint64",
        "name": "countdownTimestamp",
        "type": "uint64"
      }
    ],
    "type": "error",
    "name": "BeforeCountdown"
  },
  {
    "inputs": [],
    "type": "error",
    "name": "ECDSAInvalidSignature"
  },
  {
    "inputs": [
      {
        "internalType": "uint256",
        "name": "length",
        "type": "uint256"
      }
    ],
    "type": "error",
    "name": "ECDSAInvalidSignatureLength"
  },
  {
    "inputs": [
      {
        "internalType": "bytes32",
        "name": "s",
        "type": "bytes32"
      }
    ],
    "type": "error",
    "name": "ECDSAInvalidSignatureS"
  },
  {
    "inputs": [
      {
        "internalType": "address",
        "name": "spender",
        "type": "address"
      },
      {
        "internalType": "uint256",
        "name": "allowance",
        "type": "uint256"
      },
      {
        "internalType": "uint256",
        "name": "needed",
        "type": "uint256"
      }
    ],
    "type": "error",
    "name": "ERC20InsufficientAllowance"
  },
  {
    "inputs": [
      {
        "internalType": "address",
        "name": "sender",
        "type": "address"
      },
      {
        "internalType": "uint256",
        "name": "balance",
        "type": "uint256"
      },
      {
        "internalType": "uint256",
        "name": "needed",
        "type": "uint256"
      }
    ],
    "type": "error",
    "name": "ERC20InsufficientBalance"
  },
  {
    "inputs": [
      {
        "internalType": "address",
        "name": "approver",
        "type": "address"
      }
    ],
    "type": "error",
    "name": "ERC20InvalidApprover"
  },
  {
    "inputs": [
      {
        "internalType": "address",
        "name": "receiver",
        "type": "address"
      }
    ],
    "type": "error",
    "name": "ERC20InvalidReceiver"
  },
  {
    "inputs": [
      {
        "internalType": "address",
        "name": "sender",
        "type": "address"
      }
    ],
    "type": "error",
    "name": "ERC20InvalidSender"
  },
  {
    "inputs": [
      {
        "internalType": "address",
        "name": "spender",
        "type": "address"
      }
    ],
    "type": "error",
    "name": "ERC20InvalidSpender"
  },
  {
    "inputs": [
      {
        "internalType": "uint256",
        "name": "deadline",
        "type": "uint256"
      }
    ],
    "type": "error",
    "name": "ERC2612ExpiredSignature"
  },
  {
    "inputs": [
      {
        "internalType": "address",
        "name": "signer",
        "type": "address"
      },
      {
        "internalType": "address",
        "name": "owner",
        "type": "address"
      }
    ],
    "type": "error",
    "name": "ERC2612InvalidSigner"
  },
  {
    "inputs": [
      {
        "internalType": "address",
        "name": "account",
        "type": "address"
      },
      {
        "internalType": "uint256",
        "name": "currentNonce",
        "type": "uint256"
      }
    ],
    "type": "error",
    "name": "InvalidAccountNonce"
  },
  {
    "inputs": [],
    "type": "error",
    "name": "InvalidShortString"
  },
  {
    "inputs": [
      {
        "internalType": "uint256",
        "name": "amount",
        "type": "uint256"
      },
      {
        "internalType": "uint256",
        "name": "cap",
        "type": "uint256"
      }
    ],
    "type": "error",
    "name": "OverCap"
  },
  {
    "inputs": [
      {
        "internalType": "uint256",
        "name": "amount",
        "type": "uint256"
      },
      {
        "internalType": "uint256",
        "name": "max",
        "type": "uint256"
      }
    ],
    "type": "error",
    "name": "OverMax"
  },
  {
    "inputs": [
      {
        "internalType": "string",
        "name": "str",
        "type": "string"
      }
    ],
    "type": "error",
    "name": "StringTooLong"
  },
  {
    "inputs": [
      {
        "internalType": "uint256",
        "name": "amount",
        "type": "uint256"
      },
      {
        "internalType": "uint256",
        "name": "floor",
        "type": "uint256"
      }
    ],
    "type": "error",
    "name": "UnderFloor"
  },
  {
    "inputs": [
      {
        "internalType": "address",
        "name": "owner",
        "type": "address",
        "indexed": true
      },
      {
        "internalType": "address",
        "name": "spender",
        "type": "address",
        "indexed": true
      },
      {
        "internalType": "uint256",
        "name": "value",
        "type": "uint256",
        "indexed": false
      }
    ],
    "type": "event",
    "name": "Approval",
    "anonymous": false
  },
  {
    "inputs": [],
    "type": "event",
    "name": "EIP712DomainChanged",
    "anonymous": false
  },
  {
    "inputs": [
      {
        "internalType": "bytes32",
        "name": "role",
        "type": "bytes32",
        "indexed": true
      },
      {
        "internalType": "bytes32",
        "name": "previousAdminRole",
        "type": "bytes32",
        "indexed": true
      },
      {
        "internalType": "bytes32",
        "name": "newAdminRole",
        "type": "bytes32",
        "indexed": true
      }
    ],
    "type": "event",
    "name": "RoleAdminChanged",
    "anonymous": false
  },
  {
    "inputs": [
      {
        "internalType": "bytes32",
        "name": "role",
        "type": "bytes32",
        "indexed": true
      },
      {
        "internalType": "address",
        "name": "account",
        "type": "address",
        "indexed": true
      },
      {
        "internalType": "address",
        "name": "sender",
        "type": "address",
        "indexed": true
      }
    ],
    "type": "event",
    "name": "RoleGranted",
    "anonymous": false
  },
  {
    "inputs": [
      {
        "internalType": "bytes32",
        "name": "role",
        "type": "bytes32",
        "indexed": true
      },
      {
        "internalType": "address",
        "name": "account",
        "type": "address",
        "indexed": true
      },
      {
        "internalType": "address",
        "name": "sender",
        "type": "address",
        "indexed": true
      }
    ],
    "type": "event",
    "name": "RoleRevoked",
    "anonymous": false
  },
  {
    "inputs": [
      {
        "internalType": "address",
        "name": "ammCzusdPair",
        "type": "address",
        "indexed": false
      }
    ],
    "type": "event",
    "name": "SetAmmCzusdPair",
    "anonymous": false
  },
  {
    "inputs": [
      {
        "internalType": "string",
        "name": "descriptionMarkdownCID",
        "type": "string",
        "indexed": false
      }
    ],
    "type": "event",
    "name": "SetDescriptionMarkdownCID",
    "anonymous": false
  },
  {
    "inputs": [
      {
        "internalType": "address",
        "name": "account",
        "type": "address",
        "indexed": false
      },
      {
        "internalType": "bool",
        "name": "isExempt",
        "type": "bool",
        "indexed": false
      }
    ],
    "type": "event",
    "name": "SetIsExempt",
    "anonymous": false
  },
  {
    "inputs": [
      {
        "internalType": "uint64",
        "name": "launchTimestamp",
        "type": "uint64",
        "indexed": false
      }
    ],
    "type": "event",
    "name": "SetLaunchTimestamp",
    "anonymous": false
  },
  {
    "inputs": [
      {
        "internalType": "uint256",
        "name": "balanceMax",
        "type": "uint256",
        "indexed": false
      },
      {
        "internalType": "uint256",
        "name": "transactionSizeMax",
        "type": "uint256",
        "indexed": false
      }
    ],
    "type": "event",
    "name": "SetMaxes",
    "anonymous": false
  },
  {
    "inputs": [
      {
        "internalType": "address",
        "name": "taxReceiver",
        "type": "address",
        "indexed": false
      }
    ],
    "type": "event",
    "name": "SetTaxReceiver",
    "anonymous": false
  },
  {
    "inputs": [
      {
        "internalType": "uint16",
        "name": "buyTax",
        "type": "uint16",
        "indexed": false
      },
      {
        "internalType": "uint16",
        "name": "buyBurn",
        "type": "uint16",
        "indexed": false
      },
      {
        "internalType": "uint16",
        "name": "buyLpFee",
        "type": "uint16",
        "indexed": false
      },
      {
        "internalType": "uint16",
        "name": "sellTax",
        "type": "uint16",
        "indexed": false
      },
      {
        "internalType": "uint16",
        "name": "sellBurn",
        "type": "uint16",
        "indexed": false
      },
      {
        "internalType": "uint16",
        "name": "sellLpFee",
        "type": "uint16",
        "indexed": false
      }
    ],
    "type": "event",
    "name": "SetTaxes",
    "anonymous": false
  },
  {
    "inputs": [
      {
        "internalType": "contract TenXSettingsV2",
        "name": "tenXSettings",
        "type": "address",
        "indexed": false
      }
    ],
    "type": "event",
    "name": "SetTenXSettings",
    "anonymous": false
  },
  {
    "inputs": [
      {
        "internalType": "string",
        "name": "tokenLogoCID",
        "type": "string",
        "indexed": false
      }
    ],
    "type": "event",
    "name": "SetTokenLogoCID",
    "anonymous": false
  },
  {
    "inputs": [
      {
        "internalType": "uint256",
        "name": "taxWad",
        "type": "uint256",
        "indexed": false
      },
      {
        "internalType": "uint256",
        "name": "burnWad",
        "type": "uint256",
        "indexed": false
      },
      {
        "internalType": "uint256",
        "name": "lpWad",
        "type": "uint256",
        "indexed": false
      }
    ],
    "type": "event",
    "name": "TaxesCollected",
    "anonymous": false
  },
  {
    "inputs": [
      {
        "internalType": "address",
        "name": "from",
        "type": "address",
        "indexed": true
      },
      {
        "internalType": "address",
        "name": "to",
        "type": "address",
        "indexed": true
      },
      {
        "internalType": "uint256",
        "name": "value",
        "type": "uint256",
        "indexed": false
      }
    ],
    "type": "event",
    "name": "Transfer",
    "anonymous": false
  },
  {
    "inputs": [
      {
        "internalType": "address",
        "name": "_ammCzusdPair",
        "type": "address"
      }
    ],
    "stateMutability": "nonpayable",
    "type": "function",
    "name": "ADMIN_setAmmCzusdPair"
  },
  {
    "inputs": [
      {
        "internalType": "contract TenXSettingsV2",
        "name": "_tenXSettings",
        "type": "address"
      }
    ],
    "stateMutability": "nonpayable",
    "type": "function",
    "name": "ADMIN_setTenXSettings"
  },
  {
    "inputs": [],
    "stateMutability": "nonpayable",
    "type": "function",
    "name": "ADMIN_zap"
  },
  {
    "inputs": [],
    "stateMutability": "view",
    "type": "function",
    "name": "DEFAULT_ADMIN_ROLE",
    "outputs": [
      {
        "internalType": "bytes32",
        "name": "",
        "type": "bytes32"
      }
    ]
  },
  {
    "inputs": [],
    "stateMutability": "view",
    "type": "function",
    "name": "DOMAIN_SEPARATOR",
    "outputs": [
      {
        "internalType": "bytes32",
        "name": "",
        "type": "bytes32"
      }
    ]
  },
  {
    "inputs": [],
    "stateMutability": "view",
    "type": "function",
    "name": "INITIAL_SUPPLY",
    "outputs": [
      {
        "internalType": "uint256",
        "name": "",
        "type": "uint256"
      }
    ]
  },
  {
    "inputs": [],
    "stateMutability": "view",
    "type": "function",
    "name": "MANAGER_ROLE",
    "outputs": [
      {
        "internalType": "bytes32",
        "name": "",
        "type": "bytes32"
      }
    ]
  },
  {
    "inputs": [
      {
        "internalType": "string",
        "name": "_descriptionMarkdownCID",
        "type": "string"
      }
    ],
    "stateMutability": "nonpayable",
    "type": "function",
    "name": "MANAGER_setDescriptionMarkdownCID"
  },
  {
    "inputs": [
      {
        "internalType": "address",
        "name": "_account",
        "type": "address"
      },
      {
        "internalType": "bool",
        "name": "_isExempt",
        "type": "bool"
      }
    ],
    "stateMutability": "nonpayable",
    "type": "function",
    "name": "MANAGER_setIsExempt"
  },
  {
    "inputs": [
      {
        "internalType": "uint256",
        "name": "_balanceMax",
        "type": "uint256"
      },
      {
        "internalType": "uint256",
        "name": "_transactionSizeMax",
        "type": "uint256"
      }
    ],
    "stateMutability": "nonpayable",
    "type": "function",
    "name": "MANAGER_setMaxes"
  },
  {
    "inputs": [
      {
        "internalType": "address",
        "name": "_taxReceiver",
        "type": "address"
      }
    ],
    "stateMutability": "nonpayable",
    "type": "function",
    "name": "MANAGER_setTaxReceiver"
  },
  {
    "inputs": [
      {
        "internalType": "uint16",
        "name": "_buyTax",
        "type": "uint16"
      },
      {
        "internalType": "uint16",
        "name": "_buyBurn",
        "type": "uint16"
      },
      {
        "internalType": "uint16",
        "name": "_buyLpFee",
        "type": "uint16"
      },
      {
        "internalType": "uint16",
        "name": "_sellTax",
        "type": "uint16"
      },
      {
        "internalType": "uint16",
        "name": "_sellBurn",
        "type": "uint16"
      },
      {
        "internalType": "uint16",
        "name": "_sellLpFee",
        "type": "uint16"
      }
    ],
    "stateMutability": "nonpayable",
    "type": "function",
    "name": "MANAGER_setTaxes"
  },
  {
    "inputs": [
      {
        "internalType": "string",
        "name": "_tokenLogoCID",
        "type": "string"
      }
    ],
    "stateMutability": "nonpayable",
    "type": "function",
    "name": "MANAGER_setTokenLogoCID"
  },
  {
    "inputs": [
      {
        "internalType": "address",
        "name": "owner",
        "type": "address"
      },
      {
        "internalType": "address",
        "name": "spender",
        "type": "address"
      }
    ],
    "stateMutability": "view",
    "type": "function",
    "name": "allowance",
    "outputs": [
      {
        "internalType": "uint256",
        "name": "",
        "type": "uint256"
      }
    ]
  },
  {
    "inputs": [],
    "stateMutability": "view",
    "type": "function",
    "name": "ammCzusdPair",
    "outputs": [
      {
        "internalType": "address",
        "name": "",
        "type": "address"
      }
    ]
  },
  {
    "inputs": [
      {
        "internalType": "address",
        "name": "spender",
        "type": "address"
      },
      {
        "internalType": "uint256",
        "name": "value",
        "type": "uint256"
      }
    ],
    "stateMutability": "nonpayable",
    "type": "function",
    "name": "approve",
    "outputs": [
      {
        "internalType": "bool",
        "name": "",
        "type": "bool"
      }
    ]
  },
  {
    "inputs": [],
    "stateMutability": "view",
    "type": "function",
    "name": "balanceMax",
    "outputs": [
      {
        "internalType": "uint256",
        "name": "",
        "type": "uint256"
      }
    ]
  },
  {
    "inputs": [
      {
        "internalType": "address",
        "name": "account",
        "type": "address"
      }
    ],
    "stateMutability": "view",
    "type": "function",
    "name": "balanceOf",
    "outputs": [
      {
        "internalType": "uint256",
        "name": "",
        "type": "uint256"
      }
    ]
  },
  {
    "inputs": [
      {
        "internalType": "uint256",
        "name": "value",
        "type": "uint256"
      }
    ],
    "stateMutability": "nonpayable",
    "type": "function",
    "name": "burn"
  },
  {
    "inputs": [
      {
        "internalType": "address",
        "name": "account",
        "type": "address"
      },
      {
        "internalType": "uint256",
        "name": "value",
        "type": "uint256"
      }
    ],
    "stateMutability": "nonpayable",
    "type": "function",
    "name": "burnFrom"
  },
  {
    "inputs": [],
    "stateMutability": "view",
    "type": "function",
    "name": "buyBurn",
    "outputs": [
      {
        "internalType": "uint16",
        "name": "",
        "type": "uint16"
      }
    ]
  },
  {
    "inputs": [],
    "stateMutability": "view",
    "type": "function",
    "name": "buyLpFee",
    "outputs": [
      {
        "internalType": "uint16",
        "name": "",
        "type": "uint16"
      }
    ]
  },
  {
    "inputs": [],
    "stateMutability": "view",
    "type": "function",
    "name": "buyTax",
    "outputs": [
      {
        "internalType": "uint16",
        "name": "",
        "type": "uint16"
      }
    ]
  },
  {
    "inputs": [],
    "stateMutability": "view",
    "type": "function",
    "name": "decimals",
    "outputs": [
      {
        "internalType": "uint8",
        "name": "",
        "type": "uint8"
      }
    ]
  },
  {
    "inputs": [],
    "stateMutability": "view",
    "type": "function",
    "name": "descriptionMarkdownCID",
    "outputs": [
      {
        "internalType": "string",
        "name": "",
        "type": "string"
      }
    ]
  },
  {
    "inputs": [],
    "stateMutability": "view",
    "type": "function",
    "name": "eip712Domain",
    "outputs": [
      {
        "internalType": "bytes1",
        "name": "fields",
        "type": "bytes1"
      },
      {
        "internalType": "string",
        "name": "name",
        "type": "string"
      },
      {
        "internalType": "string",
        "name": "version",
        "type": "string"
      },
      {
        "internalType": "uint256",
        "name": "chainId",
        "type": "uint256"
      },
      {
        "internalType": "address",
        "name": "verifyingContract",
        "type": "address"
      },
      {
        "internalType": "bytes32",
        "name": "salt",
        "type": "bytes32"
      },
      {
        "internalType": "uint256[]",
        "name": "extensions",
        "type": "uint256[]"
      }
    ]
  },
  {
    "inputs": [
      {
        "internalType": "bytes32",
        "name": "role",
        "type": "bytes32"
      }
    ],
    "stateMutability": "view",
    "type": "function",
    "name": "getRoleAdmin",
    "outputs": [
      {
        "internalType": "bytes32",
        "name": "",
        "type": "bytes32"
      }
    ]
  },
  {
    "inputs": [
      {
        "internalType": "bytes32",
        "name": "role",
        "type": "bytes32"
      },
      {
        "internalType": "uint256",
        "name": "index",
        "type": "uint256"
      }
    ],
    "stateMutability": "view",
    "type": "function",
    "name": "getRoleMember",
    "outputs": [
      {
        "internalType": "address",
        "name": "",
        "type": "address"
      }
    ]
  },
  {
    "inputs": [
      {
        "internalType": "bytes32",
        "name": "role",
        "type": "bytes32"
      }
    ],
    "stateMutability": "view",
    "type": "function",
    "name": "getRoleMemberCount",
    "outputs": [
      {
        "internalType": "uint256",
        "name": "",
        "type": "uint256"
      }
    ]
  },
  {
    "inputs": [
      {
        "internalType": "bytes32",
        "name": "role",
        "type": "bytes32"
      },
      {
        "internalType": "address",
        "name": "account",
        "type": "address"
      }
    ],
    "stateMutability": "nonpayable",
    "type": "function",
    "name": "grantRole"
  },
  {
    "inputs": [
      {
        "internalType": "bytes32",
        "name": "role",
        "type": "bytes32"
      },
      {
        "internalType": "address",
        "name": "account",
        "type": "address"
      }
    ],
    "stateMutability": "view",
    "type": "function",
    "name": "hasRole",
    "outputs": [
      {
        "internalType": "bool",
        "name": "",
        "type": "bool"
      }
    ]
  },
  {
    "inputs": [
      {
        "internalType": "address",
        "name": "account",
        "type": "address"
      }
    ],
    "stateMutability": "view",
    "type": "function",
    "name": "isExempt",
    "outputs": [
      {
        "internalType": "bool",
        "name": "isExempt",
        "type": "bool"
      }
    ]
  },
  {
    "inputs": [],
    "stateMutability": "view",
    "type": "function",
    "name": "launchTimestamp",
    "outputs": [
      {
        "internalType": "uint64",
        "name": "",
        "type": "uint64"
      }
    ]
  },
  {
    "inputs": [],
    "stateMutability": "view",
    "type": "function",
    "name": "name",
    "outputs": [
      {
        "internalType": "string",
        "name": "",
        "type": "string"
      }
    ]
  },
  {
    "inputs": [
      {
        "internalType": "address",
        "name": "owner",
        "type": "address"
      }
    ],
    "stateMutability": "view",
    "type": "function",
    "name": "nonces",
    "outputs": [
      {
        "internalType": "uint256",
        "name": "",
        "type": "uint256"
      }
    ]
  },
  {
    "inputs": [
      {
        "internalType": "address",
        "name": "owner",
        "type": "address"
      },
      {
        "internalType": "address",
        "name": "spender",
        "type": "address"
      },
      {
        "internalType": "uint256",
        "name": "value",
        "type": "uint256"
      },
      {
        "internalType": "uint256",
        "name": "deadline",
        "type": "uint256"
      },
      {
        "internalType": "uint8",
        "name": "v",
        "type": "uint8"
      },
      {
        "internalType": "bytes32",
        "name": "r",
        "type": "bytes32"
      },
      {
        "internalType": "bytes32",
        "name": "s",
        "type": "bytes32"
      }
    ],
    "stateMutability": "nonpayable",
    "type": "function",
    "name": "permit"
  },
  {
    "inputs": [
      {
        "internalType": "bytes32",
        "name": "role",
        "type": "bytes32"
      },
      {
        "internalType": "address",
        "name": "callerConfirmation",
        "type": "address"
      }
    ],
    "stateMutability": "nonpayable",
    "type": "function",
    "name": "renounceRole"
  },
  {
    "inputs": [
      {
        "internalType": "bytes32",
        "name": "role",
        "type": "bytes32"
      },
      {
        "internalType": "address",
        "name": "account",
        "type": "address"
      }
    ],
    "stateMutability": "nonpayable",
    "type": "function",
    "name": "revokeRole"
  },
  {
    "inputs": [],
    "stateMutability": "view",
    "type": "function",
    "name": "sellBurn",
    "outputs": [
      {
        "internalType": "uint16",
        "name": "",
        "type": "uint16"
      }
    ]
  },
  {
    "inputs": [],
    "stateMutability": "view",
    "type": "function",
    "name": "sellLpFee",
    "outputs": [
      {
        "internalType": "uint16",
        "name": "",
        "type": "uint16"
      }
    ]
  },
  {
    "inputs": [],
    "stateMutability": "view",
    "type": "function",
    "name": "sellTax",
    "outputs": [
      {
        "internalType": "uint16",
        "name": "",
        "type": "uint16"
      }
    ]
  },
  {
    "inputs": [
      {
        "internalType": "bytes4",
        "name": "interfaceId",
        "type": "bytes4"
      }
    ],
    "stateMutability": "view",
    "type": "function",
    "name": "supportsInterface",
    "outputs": [
      {
        "internalType": "bool",
        "name": "",
        "type": "bool"
      }
    ]
  },
  {
    "inputs": [],
    "stateMutability": "view",
    "type": "function",
    "name": "symbol",
    "outputs": [
      {
        "internalType": "string",
        "name": "",
        "type": "string"
      }
    ]
  },
  {
    "inputs": [],
    "stateMutability": "view",
    "type": "function",
    "name": "taxReceiver",
    "outputs": [
      {
        "internalType": "address",
        "name": "",
        "type": "address"
      }
    ]
  },
  {
    "inputs": [],
    "stateMutability": "view",
    "type": "function",
    "name": "tenXSettings",
    "outputs": [
      {
        "internalType": "contract TenXSettingsV2",
        "name": "",
        "type": "address"
      }
    ]
  },
  {
    "inputs": [],
    "stateMutability": "view",
    "type": "function",
    "name": "tokenLogoCID",
    "outputs": [
      {
        "internalType": "string",
        "name": "",
        "type": "string"
      }
    ]
  },
  {
    "inputs": [],
    "stateMutability": "view",
    "type": "function",
    "name": "totalSupply",
    "outputs": [
      {
        "internalType": "uint256",
        "name": "",
        "type": "uint256"
      }
    ]
  },
  {
    "inputs": [],
    "stateMutability": "view",
    "type": "function",
    "name": "transactionSizeMax",
    "outputs": [
      {
        "internalType": "uint256",
        "name": "",
        "type": "uint256"
      }
    ]
  },
  {
    "inputs": [
      {
        "internalType": "address",
        "name": "to",
        "type": "address"
      },
      {
        "internalType": "uint256",
        "name": "value",
        "type": "uint256"
      }
    ],
    "stateMutability": "nonpayable",
    "type": "function",
    "name": "transfer",
    "outputs": [
      {
        "internalType": "bool",
        "name": "",
        "type": "bool"
      }
    ]
  },
  {
    "inputs": [
      {
        "internalType": "address",
        "name": "from",
        "type": "address"
      },
      {
        "internalType": "address",
        "name": "to",
        "type": "address"
      },
      {
        "internalType": "uint256",
        "name": "value",
        "type": "uint256"
      }
    ],
    "stateMutability": "nonpayable",
    "type": "function",
    "name": "transferFrom",
    "outputs": [
      {
        "internalType": "bool",
        "name": "",
        "type": "bool"
      }
    ]
  }
]