[
    {
        "inputs": [
            {
                "internalType": "address",
                "name": "_governance",
                "type": "address"
            },
            {
                "internalType": "contract TenXBlacklistV2",
                "name": "_blacklist",
                "type": "address"
            },
            {
                "internalType": "contract TenXTokenFactoryV2",
                "name": "_tokenFactory",
                "type": "address"
            },
            {
                "internalType": "contract IERC20Mintable",
                "name": "_czusd",
                "type": "address"
            },
            {
                "internalType": "contract IAmmRouter02",
                "name": "_ammRouter",
                "type": "address"
            },
            {
                "internalType": "contract IAmmFactory",
                "name": "_ammFactory",
                "type": "address"
            },
            {
                "internalType": "contract AmmZapV1",
                "name": "_ammZapV1",
                "type": "address"
            }
        ],
        "stateMutability": "nonpayable",
        "type": "constructor"
    },
    {
        "inputs": [],
        "name": "AccessControlBadConfirmation",
        "type": "error"
    },
    {
        "inputs": [
            {
                "internalType": "address",
                "name": "account",
                "type": "address"
            },
            {
                "internalType": "bytes32",
                "name": "neededRole",
                "type": "bytes32"
            }
        ],
        "name": "AccessControlUnauthorizedAccount",
        "type": "error"
    },
    {
        "inputs": [
            {
                "internalType": "uint256",
                "name": "amount",
                "type": "uint256"
            },
            {
                "internalType": "uint256",
                "name": "cap",
                "type": "uint256"
            }
        ],
        "name": "OverCap",
        "type": "error"
    },
    {
        "inputs": [
            {
                "internalType": "uint256",
                "name": "amount",
                "type": "uint256"
            },
            {
                "internalType": "uint256",
                "name": "floor",
                "type": "uint256"
            }
        ],
        "name": "UnderFloor",
        "type": "error"
    },
    {
        "anonymous": false,
        "inputs": [
            {
                "indexed": true,
                "internalType": "bytes32",
                "name": "role",
                "type": "bytes32"
            },
            {
                "indexed": true,
                "internalType": "bytes32",
                "name": "previousAdminRole",
                "type": "bytes32"
            },
            {
                "indexed": true,
                "internalType": "bytes32",
                "name": "newAdminRole",
                "type": "bytes32"
            }
        ],
        "name": "RoleAdminChanged",
        "type": "event"
    },
    {
        "anonymous": false,
        "inputs": [
            {
                "indexed": true,
                "internalType": "bytes32",
                "name": "role",
                "type": "bytes32"
            },
            {
                "indexed": true,
                "internalType": "address",
                "name": "account",
                "type": "address"
            },
            {
                "indexed": true,
                "internalType": "address",
                "name": "sender",
                "type": "address"
            }
        ],
        "name": "RoleGranted",
        "type": "event"
    },
    {
        "anonymous": false,
        "inputs": [
            {
                "indexed": true,
                "internalType": "bytes32",
                "name": "role",
                "type": "bytes32"
            },
            {
                "indexed": true,
                "internalType": "address",
                "name": "account",
                "type": "address"
            },
            {
                "indexed": true,
                "internalType": "address",
                "name": "sender",
                "type": "address"
            }
        ],
        "name": "RoleRevoked",
        "type": "event"
    },
    {
        "anonymous": false,
        "inputs": [
            {
                "indexed": false,
                "internalType": "contract IAmmFactory",
                "name": "to",
                "type": "address"
            }
        ],
        "name": "SetAmmFactory",
        "type": "event"
    },
    {
        "anonymous": false,
        "inputs": [
            {
                "indexed": false,
                "internalType": "contract IAmmRouter02",
                "name": "to",
                "type": "address"
            }
        ],
        "name": "SetAmmRouter",
        "type": "event"
    },
    {
        "anonymous": false,
        "inputs": [
            {
                "indexed": false,
                "internalType": "contract AmmZapV1",
                "name": "to",
                "type": "address"
            }
        ],
        "name": "SetAmmZapV1",
        "type": "event"
    },
    {
        "anonymous": false,
        "inputs": [
            {
                "indexed": false,
                "internalType": "uint16",
                "name": "to",
                "type": "uint16"
            }
        ],
        "name": "SetBalanceCapBps",
        "type": "event"
    },
    {
        "anonymous": false,
        "inputs": [
            {
                "indexed": false,
                "internalType": "uint16",
                "name": "to",
                "type": "uint16"
            }
        ],
        "name": "SetBalanceFloorBps",
        "type": "event"
    },
    {
        "anonymous": false,
        "inputs": [
            {
                "indexed": false,
                "internalType": "contract TenXBlacklistV2",
                "name": "to",
                "type": "address"
            }
        ],
        "name": "SetBlacklist",
        "type": "event"
    },
    {
        "anonymous": false,
        "inputs": [
            {
                "indexed": false,
                "internalType": "contract IERC20Mintable",
                "name": "to",
                "type": "address"
            }
        ],
        "name": "SetCzusd",
        "type": "event"
    },
    {
        "anonymous": false,
        "inputs": [
            {
                "indexed": false,
                "internalType": "uint256",
                "name": "to",
                "type": "uint256"
            }
        ],
        "name": "SetCzusdGrantCap",
        "type": "event"
    },
    {
        "anonymous": false,
        "inputs": [
            {
                "indexed": false,
                "internalType": "uint256",
                "name": "to",
                "type": "uint256"
            }
        ],
        "name": "SetCzusdGrantFlor",
        "type": "event"
    },
    {
        "anonymous": false,
        "inputs": [
            {
                "indexed": false,
                "internalType": "address",
                "name": "to",
                "type": "address"
            }
        ],
        "name": "SetGovernance",
        "type": "event"
    },
    {
        "anonymous": false,
        "inputs": [
            {
                "indexed": false,
                "internalType": "uint64",
                "name": "to",
                "type": "uint64"
            }
        ],
        "name": "SetLaunchTimestampCap",
        "type": "event"
    },
    {
        "anonymous": false,
        "inputs": [
            {
                "indexed": false,
                "internalType": "uint16",
                "name": "to",
                "type": "uint16"
            }
        ],
        "name": "SetSwapLiquifyAtBps",
        "type": "event"
    },
    {
        "anonymous": false,
        "inputs": [
            {
                "indexed": false,
                "internalType": "uint16",
                "name": "to",
                "type": "uint16"
            }
        ],
        "name": "SetTaxesTotalCap",
        "type": "event"
    },
    {
        "anonymous": false,
        "inputs": [
            {
                "indexed": false,
                "internalType": "contract TenXTokenFactoryV2",
                "name": "to",
                "type": "address"
            }
        ],
        "name": "SetTokenFactory",
        "type": "event"
    },
    {
        "anonymous": false,
        "inputs": [
            {
                "indexed": false,
                "internalType": "uint16",
                "name": "to",
                "type": "uint16"
            }
        ],
        "name": "SetTransactionSizeCapBps",
        "type": "event"
    },
    {
        "anonymous": false,
        "inputs": [
            {
                "indexed": false,
                "internalType": "uint16",
                "name": "to",
                "type": "uint16"
            }
        ],
        "name": "SetTransactionSizeFloorBps",
        "type": "event"
    },
    {
        "inputs": [],
        "name": "DEFAULT_ADMIN_ROLE",
        "outputs": [
            {
                "internalType": "bytes32",
                "name": "",
                "type": "bytes32"
            }
        ],
        "stateMutability": "view",
        "type": "function"
    },
    {
        "inputs": [],
        "name": "ammFactory",
        "outputs": [
            {
                "internalType": "contract IAmmFactory",
                "name": "",
                "type": "address"
            }
        ],
        "stateMutability": "view",
        "type": "function"
    },
    {
        "inputs": [],
        "name": "ammRouter",
        "outputs": [
            {
                "internalType": "contract IAmmRouter02",
                "name": "",
                "type": "address"
            }
        ],
        "stateMutability": "view",
        "type": "function"
    },
    {
        "inputs": [],
        "name": "ammZapV1",
        "outputs": [
            {
                "internalType": "contract AmmZapV1",
                "name": "",
                "type": "address"
            }
        ],
        "stateMutability": "view",
        "type": "function"
    },
    {
        "inputs": [],
        "name": "balanceCapBps",
        "outputs": [
            {
                "internalType": "uint16",
                "name": "",
                "type": "uint16"
            }
        ],
        "stateMutability": "view",
        "type": "function"
    },
    {
        "inputs": [],
        "name": "balanceFloorBps",
        "outputs": [
            {
                "internalType": "uint16",
                "name": "",
                "type": "uint16"
            }
        ],
        "stateMutability": "view",
        "type": "function"
    },
    {
        "inputs": [],
        "name": "blacklist",
        "outputs": [
            {
                "internalType": "contract TenXBlacklistV2",
                "name": "",
                "type": "address"
            }
        ],
        "stateMutability": "view",
        "type": "function"
    },
    {
        "inputs": [],
        "name": "czusd",
        "outputs": [
            {
                "internalType": "contract IERC20Mintable",
                "name": "",
                "type": "address"
            }
        ],
        "stateMutability": "view",
        "type": "function"
    },
    {
        "inputs": [],
        "name": "czusdGrantCap",
        "outputs": [
            {
                "internalType": "uint256",
                "name": "",
                "type": "uint256"
            }
        ],
        "stateMutability": "view",
        "type": "function"
    },
    {
        "inputs": [],
        "name": "czusdGrantFloor",
        "outputs": [
            {
                "internalType": "uint256",
                "name": "",
                "type": "uint256"
            }
        ],
        "stateMutability": "view",
        "type": "function"
    },
    {
        "inputs": [
            {
                "internalType": "bytes32",
                "name": "role",
                "type": "bytes32"
            }
        ],
        "name": "getRoleAdmin",
        "outputs": [
            {
                "internalType": "bytes32",
                "name": "",
                "type": "bytes32"
            }
        ],
        "stateMutability": "view",
        "type": "function"
    },
    {
        "inputs": [
            {
                "internalType": "bytes32",
                "name": "role",
                "type": "bytes32"
            },
            {
                "internalType": "uint256",
                "name": "index",
                "type": "uint256"
            }
        ],
        "name": "getRoleMember",
        "outputs": [
            {
                "internalType": "address",
                "name": "",
                "type": "address"
            }
        ],
        "stateMutability": "view",
        "type": "function"
    },
    {
        "inputs": [
            {
                "internalType": "bytes32",
                "name": "role",
                "type": "bytes32"
            }
        ],
        "name": "getRoleMemberCount",
        "outputs": [
            {
                "internalType": "uint256",
                "name": "",
                "type": "uint256"
            }
        ],
        "stateMutability": "view",
        "type": "function"
    },
    {
        "inputs": [],
        "name": "governance",
        "outputs": [
            {
                "internalType": "address",
                "name": "",
                "type": "address"
            }
        ],
        "stateMutability": "view",
        "type": "function"
    },
    {
        "inputs": [
            {
                "internalType": "bytes32",
                "name": "role",
                "type": "bytes32"
            },
            {
                "internalType": "address",
                "name": "account",
                "type": "address"
            }
        ],
        "name": "grantRole",
        "outputs": [],
        "stateMutability": "nonpayable",
        "type": "function"
    },
    {
        "inputs": [
            {
                "internalType": "bytes32",
                "name": "role",
                "type": "bytes32"
            },
            {
                "internalType": "address",
                "name": "account",
                "type": "address"
            }
        ],
        "name": "hasRole",
        "outputs": [
            {
                "internalType": "bool",
                "name": "",
                "type": "bool"
            }
        ],
        "stateMutability": "view",
        "type": "function"
    },
    {
        "inputs": [],
        "name": "launchTimestampCap",
        "outputs": [
            {
                "internalType": "uint64",
                "name": "",
                "type": "uint64"
            }
        ],
        "stateMutability": "view",
        "type": "function"
    },
    {
        "inputs": [
            {
                "internalType": "bytes32",
                "name": "role",
                "type": "bytes32"
            },
            {
                "internalType": "address",
                "name": "callerConfirmation",
                "type": "address"
            }
        ],
        "name": "renounceRole",
        "outputs": [],
        "stateMutability": "nonpayable",
        "type": "function"
    },
    {
        "inputs": [
            {
                "internalType": "bytes32",
                "name": "role",
                "type": "bytes32"
            },
            {
                "internalType": "address",
                "name": "account",
                "type": "address"
            }
        ],
        "name": "revokeRole",
        "outputs": [],
        "stateMutability": "nonpayable",
        "type": "function"
    },
    {
        "inputs": [
            {
                "internalType": "contract IAmmFactory",
                "name": "to",
                "type": "address"
            }
        ],
        "name": "setAmmFactory",
        "outputs": [],
        "stateMutability": "nonpayable",
        "type": "function"
    },
    {
        "inputs": [
            {
                "internalType": "contract IAmmRouter02",
                "name": "to",
                "type": "address"
            }
        ],
        "name": "setAmmRouter",
        "outputs": [],
        "stateMutability": "nonpayable",
        "type": "function"
    },
    {
        "inputs": [
            {
                "internalType": "contract AmmZapV1",
                "name": "to",
                "type": "address"
            }
        ],
        "name": "setAmmZapV1",
        "outputs": [],
        "stateMutability": "nonpayable",
        "type": "function"
    },
    {
        "inputs": [
            {
                "internalType": "uint16",
                "name": "to",
                "type": "uint16"
            }
        ],
        "name": "setBalanceCapBps",
        "outputs": [],
        "stateMutability": "nonpayable",
        "type": "function"
    },
    {
        "inputs": [
            {
                "internalType": "uint16",
                "name": "to",
                "type": "uint16"
            }
        ],
        "name": "setBalanceFloorBps",
        "outputs": [],
        "stateMutability": "nonpayable",
        "type": "function"
    },
    {
        "inputs": [
            {
                "internalType": "contract TenXBlacklistV2",
                "name": "to",
                "type": "address"
            }
        ],
        "name": "setBlacklist",
        "outputs": [],
        "stateMutability": "nonpayable",
        "type": "function"
    },
    {
        "inputs": [
            {
                "internalType": "address",
                "name": "to",
                "type": "address"
            }
        ],
        "name": "setCzodiacGovernance",
        "outputs": [],
        "stateMutability": "nonpayable",
        "type": "function"
    },
    {
        "inputs": [
            {
                "internalType": "contract IERC20Mintable",
                "name": "to",
                "type": "address"
            }
        ],
        "name": "setCzusd",
        "outputs": [],
        "stateMutability": "nonpayable",
        "type": "function"
    },
    {
        "inputs": [
            {
                "internalType": "uint256",
                "name": "to",
                "type": "uint256"
            }
        ],
        "name": "setCzusdGrantCap",
        "outputs": [],
        "stateMutability": "nonpayable",
        "type": "function"
    },
    {
        "inputs": [
            {
                "internalType": "uint256",
                "name": "to",
                "type": "uint256"
            }
        ],
        "name": "setCzusdGrantFlor",
        "outputs": [],
        "stateMutability": "nonpayable",
        "type": "function"
    },
    {
        "inputs": [
            {
                "internalType": "uint64",
                "name": "to",
                "type": "uint64"
            }
        ],
        "name": "setLaunchTimestampCap",
        "outputs": [],
        "stateMutability": "nonpayable",
        "type": "function"
    },
    {
        "inputs": [
            {
                "internalType": "uint16",
                "name": "to",
                "type": "uint16"
            }
        ],
        "name": "setSwapLiquifyAtBps",
        "outputs": [],
        "stateMutability": "nonpayable",
        "type": "function"
    },
    {
        "inputs": [
            {
                "internalType": "uint16",
                "name": "to",
                "type": "uint16"
            }
        ],
        "name": "setTaxesTotalCap",
        "outputs": [],
        "stateMutability": "nonpayable",
        "type": "function"
    },
    {
        "inputs": [
            {
                "internalType": "contract TenXTokenFactoryV2",
                "name": "to",
                "type": "address"
            }
        ],
        "name": "setTokenFactory",
        "outputs": [],
        "stateMutability": "nonpayable",
        "type": "function"
    },
    {
        "inputs": [
            {
                "internalType": "uint16",
                "name": "to",
                "type": "uint16"
            }
        ],
        "name": "setTransactionSizeCapBps",
        "outputs": [],
        "stateMutability": "nonpayable",
        "type": "function"
    },
    {
        "inputs": [
            {
                "internalType": "uint16",
                "name": "to",
                "type": "uint16"
            }
        ],
        "name": "setTransactionSizeFloorBps",
        "outputs": [],
        "stateMutability": "nonpayable",
        "type": "function"
    },
    {
        "inputs": [
            {
                "internalType": "bytes4",
                "name": "interfaceId",
                "type": "bytes4"
            }
        ],
        "name": "supportsInterface",
        "outputs": [
            {
                "internalType": "bool",
                "name": "",
                "type": "bool"
            }
        ],
        "stateMutability": "view",
        "type": "function"
    },
    {
        "inputs": [],
        "name": "swapLiquifyAtBps",
        "outputs": [
            {
                "internalType": "uint16",
                "name": "",
                "type": "uint16"
            }
        ],
        "stateMutability": "view",
        "type": "function"
    },
    {
        "inputs": [],
        "name": "taxesTotalCap",
        "outputs": [
            {
                "internalType": "uint16",
                "name": "",
                "type": "uint16"
            }
        ],
        "stateMutability": "view",
        "type": "function"
    },
    {
        "inputs": [],
        "name": "tokenFactory",
        "outputs": [
            {
                "internalType": "contract TenXTokenFactoryV2",
                "name": "",
                "type": "address"
            }
        ],
        "stateMutability": "view",
        "type": "function"
    },
    {
        "inputs": [],
        "name": "transactionSizeCapBps",
        "outputs": [
            {
                "internalType": "uint16",
                "name": "",
                "type": "uint16"
            }
        ],
        "stateMutability": "view",
        "type": "function"
    },
    {
        "inputs": [],
        "name": "transactionSizeFloorBps",
        "outputs": [
            {
                "internalType": "uint16",
                "name": "",
                "type": "uint16"
            }
        ],
        "stateMutability": "view",
        "type": "function"
    }
]